timestamp,e_v_x,e_v_y,e_v_a,e_alpha
180.061,[-1.27015277e-05 -7.42873603e-02 -4.22001245e+00],[ 0.66430844  0.59003378 -3.55569131],[5.95766253 5.88338787 1.73766279],[4.67365357]
180.133,[-1.15841036e-05 -7.42862429e-02 -4.22001133e+00],[ 0.66429923  0.59002457 -3.55570051],[5.95766382 5.88338916 1.73766407],[4.6736284]
180.2,[-1.08344914e-05 -7.42854933e-02 -4.22001058e+00],[ 0.66289487  0.58862021 -3.55710488],[6.04591112 5.97163646 1.82591137],[4.67361067]
180.272,[-1.00450444e-05 -7.42847039e-02 -4.22000979e+00],[ 0.66288992  0.58861526 -3.55710983],[6.04591179 5.97163713 1.82591204],[4.67359687]
180.342,[-9.01959368e-06 -7.42836784e-02 -4.22000877e+00],[ 0.66288413  0.58860947 -3.55711562],[6.04591257 5.97163791 1.82591282],[4.67358051]
180.425,[-8.42198644e-06 -7.42830808e-02 -4.22000817e+00],[ 0.68226322  0.60798856 -3.53773653],[6.33002019 6.25574553 2.11002045],[4.70303305]
180.497,[-7.50639135e-06 -7.42821652e-02 -4.22000725e+00],[ 0.66010014  0.58582548 -3.55989961],[6.23189813 6.15762347 2.01189838],[4.66419191]
180.562,[-6.80076616e-06 -7.42814596e-02 -4.22000655e+00],[ 0.66009685  0.58582219 -3.55990289],[6.23189857 6.15762391 2.01189882],[4.66418211]
180.639,[-6.27421443e-06 -7.42809330e-02 -4.22000602e+00],[ 0.65872147  0.58444681 -3.56127828],[6.33002064 6.25574598 2.11002089],[4.66417353]
180.707,[-5.65458508e-06 -7.42803134e-02 -4.22000540e+00],[ 0.65871854  0.58444388 -3.56128121],[6.33002101 6.25574635 2.11002126],[4.66416494]
180.776,[-5.25054714e-06 -7.42799094e-02 -4.22000500e+00],[ 0.65871655  0.58444189 -3.56128319],[6.33002127 6.25574661 2.11002152],[4.66415917]
180.846,[-4.90367494e-06 -7.42795625e-02 -4.22000465e+00],[ 0.65713487  0.58286021 -3.56286488],[6.42968738 6.35541272 2.20968763],[4.66415303]
180.912,[-4.52033432e-06 -7.42791791e-02 -4.22000427e+00],[ 0.65713289  0.58285824 -3.56286685],[6.42968762 6.35541296 2.20968787],[4.66414742]
180.987,[-4.29063860e-06 -7.42789494e-02 -4.22000404e+00],[ 0.67867074  0.60439608 -3.54132901],[6.64044215 6.56616749 2.4204424 ],[4.69537741]
181.056,[-3.99980806e-06 -7.42786586e-02 -4.22000375e+00],[ 0.67752271  0.60324805 -3.54247704],[6.75202268 6.67774802 2.53202293],[4.69537265]
181.122,[-3.64667003e-06 -7.42783055e-02 -4.22000339e+00],[ 0.67752119  0.60324653 -3.54247856],[6.75202286 6.67774821 2.53202312],[4.69536834]
181.192,[-3.29353787e-06 -7.42779523e-02 -4.22000304e+00],[ 0.67751988  0.60324522 -3.54247987],[6.75202302 6.67774837 2.53202328],[4.69536453]
181.268,[-2.93885034e-06 -7.42775977e-02 -4.22000269e+00],[ 0.6775188   0.60324414 -3.54248095],[6.75202316 6.6777485  2.53202341],[4.69536124]
181.329,[-2.58440421e-06 -7.42772432e-02 -4.22000233e+00],[ 0.65241754  0.57814288 -3.56758221],[6.75202219 6.67774753 2.53202244],[4.65334602]
181.4,[-2.23440970e-06 -7.42768932e-02 -4.22000198e+00],[ 0.65241695  0.57814229 -3.5675828 ],[6.75202226 6.6777476  2.53202251],[4.65334377]
181.468,[-1.89439705e-06 -7.42765532e-02 -4.22000164e+00],[ 0.65241661  0.57814195 -3.56758314],[6.7520223  6.67774764 2.53202255],[4.65334214]
181.539,[-1.63819395e-06 -7.42762970e-02 -4.22000139e+00],[ 0.65061806  0.5763434  -3.56938169],[6.86547645 6.79120179 2.6454767 ],[4.65334122]
181.607,[-0.0129843  -0.08725896 -4.23298405],[ 0.66193079  0.58765613 -3.55806896],[6.98485011 6.91057545 2.76485036],[4.69112116]
181.683,[-1.02626047e-06 -7.42756851e-02 -4.22000077e+00],[ 0.67344036  0.5991657  -3.54655939],[7.10629811 7.03202345 2.88629836],[4.68655491]
181.76,[ 7.11414458e-04 -7.35632444e-02 -4.21928833e+00],[ 0.66891335  0.59463869 -3.55108639],[7.10682264 7.03254798 2.88682289],[4.67437096]
181.825,[ 0.01496377 -0.05931089 -4.20503598],[ 0.57768847  0.50341381 -3.64231128],[7.24483378 7.17055913 3.02483404],[4.40554517]
181.899,[ 0.04620688 -0.02806778 -4.17379287],[ 0.38823161  0.31395695 -3.83176814],[7.26597815 7.19170349 3.0459784 ],[3.66029927]
181.969,[ 0.08299252  0.00871786 -4.13700723],[ 0.26805454  0.19377988 -3.95194521],[7.27942106 7.2051464  3.05942132],[3.0996073]
182.037,[ 0.12523193  0.05095727 -4.09476782],[ 0.24289122  0.16861656 -3.97710853],[7.28225396 7.2079793  3.06225421],[2.87790131]
182.117,[ 0.15644656  0.0821719  -4.06355319],[ 0.25978044  0.18550578 -3.96021931],[7.40887775 7.33460309 3.18887801],[2.86875386]
182.195,[ 0.10977425  0.03549959 -4.1102255 ],[ 0.28623681  0.21196215 -3.93376294],[7.4060009  7.33172624 3.18600115],[3.10502608]
182.276,[ 0.03584159 -0.03843307 -4.18415816],[ 0.34041112  0.26613646 -3.87958863],[7.40012905 7.32585439 3.1801293 ],[3.55248708]
182.371,[-0.06058475 -0.13485941 -4.2805845 ],[ 0.4466326   0.37235794 -3.77336715],[7.3886622  7.31438754 3.16866245],[4.25121164]
182.457,[-0.13052867 -0.20480332 -4.35052841],[ 0.51965708  0.44538242 -3.70034266],[7.51591281 7.44163815 3.29591306],[4.63700931]
182.537,[-0.14357321 -0.21784787 -4.36357296],[ 0.60944129  0.53516663 -3.61055846],[7.64855806 7.57428341 3.42855832],[4.85328364]
182.615,[-0.14981591 -0.22409057 -4.36981566],[ 0.66779011  0.59351545 -3.55220964],[7.64245473 7.56818007 3.42245498],[-1.31721909]
182.681,[-0.16837793 -0.24265259 -4.38837768],[ 0.69842009  0.62414543 -3.52157966],[7.63926082 7.56498616 3.41926107],[-1.24207904]
182.754,[-0.18866217 -0.26293683 -4.40866192],[ 0.71413951  0.63986485 -3.50586024],[7.63763133 7.56335667 3.41763158],[-1.19216663]
182.823,[-0.20533334 -0.279608   -4.42533309],[ 0.73156097  0.65728631 -3.48843878],[7.78425888 7.70998422 3.56425913],[-1.15284562]
182.9,[-0.21201447 -0.28628913 -4.43201422],[ 0.76598122  0.69170656 -3.45401852],[7.78081174 7.70653708 3.560812  ],[-1.10443454]
182.974,[-0.19721895 -0.27149361 -4.4172187 ],[ 0.7986769   0.72440224 -3.42132285],[7.77752853 7.70325387 3.55752878],[-1.08439577]
183.048,[-0.1536675  -0.22794216 -4.37366725],[ 0.85315731  0.77888265 -3.36684244],[7.77205508 7.69778042 3.55205533],[-1.07221699]
183.125,[-0.09084283 -0.16511749 -4.31084258],[ 0.90674766  0.832473   -3.31325209],[7.76667434 7.69239968 3.54667459],[-1.08175095]
183.201,[-0.0208337  -0.09510836 -4.24083345],[ 0.96733147  0.89305681 -3.25266828],[7.91311503 7.83884037 3.69311528],[-1.09672113]
183.271,[ 0.0249894  -0.04928526 -4.19501035],[ 0.98366929  0.90939464 -3.23633045],[7.91156587 7.83729121 3.69156612],[-1.1298944]
183.347,[ 0.06794333 -0.00633133 -4.15205642],[ 0.93927788  0.86500322 -3.28072187],[7.9157754  7.84150074 3.69577566],[-1.24089559]
183.422,[ 0.09413059  0.01985593 -4.12586915],[ 0.87475628  0.80048162 -3.34524347],[8.12650337 8.05222871 3.90650362],[-1.39520145]
183.485,[ 0.15477218  0.08049752 -4.06522757],[ 0.81055232  0.73627766 -3.40944743],[8.25425766 8.179983   4.03425791],[4.635904]
183.561,[ 0.20806139  0.13378673 -4.01193836],[ 0.7156365   0.64136184 -3.50436325],[8.43764588 8.36337122 4.21764613],[4.24449719]
183.646,[ 0.21422392  0.13994926 -4.00577583],[ 0.68014793  0.60587327 -3.53985182],[8.44101104 8.36673638 4.22101129],[4.11327086]
183.716,[ 0.18762137  0.11334671 -4.03237838],[ 0.68829248  0.61401783 -3.53170726],[8.44022691 8.36595225 4.22022716],[4.22343514]
183.78,[ 0.16642599  0.09215133 -4.05357376],[ 0.65471538  0.58044073 -3.56528436],[8.26665754 8.19238288 4.04665779],[4.18959011]
183.847,[ 0.16922301  0.09494835 -4.05077674],[ 0.63254918  0.55827452 -3.58745057],[8.26873322 8.19445856 4.04873348],[4.10824322]
183.921,[ 0.16567747  0.09140281 -4.05432228],[ 0.60187362  0.52759896 -3.61812613],[8.44511468 8.37084002 4.22511493],[4.03883973]
183.989,[ 0.14484973  0.07057508 -4.07515001],[ 0.59024045  0.51596579 -3.6297593 ],[8.44614487 8.37187021 4.22614512],[4.06928653]
184.069,[ 0.10286103  0.02858638 -4.11713871],[ 0.57850673  0.50423207 -3.64149301],[8.44717937 8.37290471 4.22717962],[4.16712592]
184.132,[ 7.57917676e-02  1.51710876e-03 -4.14420798e+00],[ 0.56859976  0.4943251  -3.65139999],[8.44805754 8.37378288 4.22805779],[4.22094432]
184.198,[ 0.04407597 -0.03019869 -4.17592378],[ 0.58880127  0.51452661 -3.63119848],[8.62666086 8.55238621 4.40666112],[4.36779959]
184.261,[-3.34316838e-03 -7.76178272e-02 -4.22334292e+00],[ 0.6947746   0.62049994 -3.52522515],[8.6296934  8.55541874 4.40969365],[4.65859764]
184.323,[-0.06542636 -0.13970102 -4.28542611],[ 0.85206821  0.77779356 -3.36793153],[8.80222928 8.72795462 4.58222953],[-1.33864193]
184.39,[-0.24343695 -0.31771161 -4.4634367 ],[ 1.03914848  0.96487382 -3.18085127],[8.62051535 8.5462407  4.40051561],[-1.10254729]
184.459,[-0.27187685 -0.34615151 -4.49187659],[ 1.01566714  0.94139248 -3.20433261],[8.65838979 8.58411513 4.43839005],[-1.07804199]
184.525,[-0.2637329  -0.33800756 -4.48373265],[ 0.99696639  0.92269173 -3.22303336],[8.6432717  8.56899704 4.42327196],[-1.08049068]
184.599,[-0.17313882 -0.24741348 -4.39313857],[ 0.91959904  0.84532438 -3.30040071],[8.60814293 8.53386827 4.38814318],[-1.14123974]
184.664,[-0.12559419 -0.19986885 -4.34559394],[ 0.86113029  0.78685563 -3.35886945],[8.59524693 8.52097227 4.37524718],[-1.20107653]
184.744,[-0.08937504 -0.16364969 -4.30937478],[ 0.78155779  0.70728313 -3.43844196],[8.58010947 8.50583481 4.36010972],[-1.2983981]
184.805,[-0.01099828 -0.08527293 -4.23099802],[ 0.51317738  0.43890272 -3.70682237],[8.45210032 8.37782567 4.23210058],[4.32324005]
184.873,[ 3.48243623e-03 -7.07922226e-02 -4.21651731e+00],[ 0.48597309  0.41169844 -3.73402665],[8.42737293 8.35309827 4.20737318],[4.17647293]
184.93,[ 0.03541221 -0.03886244 -4.18458753],[ 0.47922282  0.40494817 -3.74077692],[8.36363484 8.28936018 4.14363509],[4.02416837]
184.999,[ 0.06957307 -0.00470159 -4.15042668],[ 0.48445011  0.41017545 -3.73554964],[8.33540512 8.26113046 4.11540537],[3.88362421]
185.062,[ 0.09141571  0.01714106 -4.12858403],[ 0.48374514  0.40947048 -3.73625461],[8.28252735 8.2082527  4.06252761],[3.78429616]
185.13,[ 0.10319377  0.02891911 -4.11680598],[ 0.4688251   0.39455044 -3.75117465],[8.27613473 8.20186007 4.05613498],[3.66242926]
185.191,[ 0.09920407  0.02492942 -4.12079567],[ 0.40440903  0.33013437 -3.81559072],[8.21033475 8.13606009 3.990335  ],[3.43715983]
185.251,[ 7.50333591e-02  7.58700251e-04 -4.14496639e+00],[ 0.36791546  0.29364081 -3.85208428],[8.16947379 8.09519914 3.94947405],[3.3717738]
185.31,[ 0.04555338 -0.02872128 -4.17444637],[ 0.32435616  0.2500815  -3.89564359],[8.13624842 8.06197376 3.91624867],[3.32495715]
185.372,[-0.12382141 -0.19809607 -4.34382115],[ 0.17355797  0.09928332 -4.04644177],[8.0158318  7.94155714 3.79583206],[3.33732627]
185.431,[-0.14636414 -0.2206388  -4.36636389],[ 0.17296826  0.0986936  -4.04703149],[7.97317691 7.89890225 3.75317716],[3.36537056]
185.498,[-0.1592073  -0.23348196 -4.37920705],[ 0.20522389  0.13094924 -4.01477585],[7.97899616 7.9047215  3.75899641],[3.49392273]
185.56,[-0.17690814 -0.2511828  -4.39690789],[ 0.26137756  0.1871029  -3.95862219],[7.91918638 7.84491172 3.69918663],[3.80528123]
185.625,[-0.20691784 -0.2811925  -4.42691758],[ 0.32731205  0.25303739 -3.8926877 ],[7.91089718 7.83662252 3.69089744],[4.26050721]
185.693,[-0.23866118 -0.31293584 -4.45866093],[ 0.38827262  0.31399796 -3.83172713],[7.87658191 7.80230725 3.65658217],[4.63881992]
185.754,[-0.27526975 -0.34954441 -4.4952695 ],[ 0.50233843  0.42806377 -3.71766132],[7.76921576 7.6949411  3.54921601],[-1.26285904]
185.811,[-0.2546411  -0.32891576 -4.47464085],[ 0.47664523  0.40237057 -3.74335452],[7.74520788 7.67093322 3.52520813],[-1.34276008]
185.864,[-0.25031622 -0.32459088 -4.47031597],[ 0.46411046  0.3898358  -3.75588929],[7.71952407 7.64524941 3.49952432],[-1.38425908]
185.928,[-0.25423942 -0.32851408 -4.47423917],[ 0.47945696  0.4051823  -3.74054279],[7.6775232  7.60324854 3.45752345],[-1.3139511]
185.991,[-0.24516672 -0.31944138 -4.46516647],[ 0.4702806   0.39600595 -3.74971914],[7.63184122 7.55756656 3.41184147],[-1.41385665]
186.059,[-0.22041097 -0.29468563 -4.44041071],[ 0.46593238  0.39165772 -3.75406737],[7.59654923 7.52227457 3.37654948],[-1.45072131]
186.125,[-0.14208533 -0.21635998 -4.36208507],[ 0.47988173  0.40560707 -3.74011802],[7.53506352 7.46078886 3.31506377],[4.65832647]
186.194,[-0.1102744  -0.18454906 -4.33027414],[ 0.48605699  0.41178233 -3.73394276],[7.48974348 7.41546883 3.26974374],[4.53512539]
186.254,[-0.06242563 -0.13670029 -4.28242538],[ 0.49402698  0.41975232 -3.72597277],[7.46147822 7.38720356 3.24147847],[4.28650559]
186.318,[-0.01134685 -0.0856215  -4.23134659],[ 0.49944286  0.4251682  -3.72055689],[7.43465857 7.36038392 3.21465883],[3.91913673]
186.376,[ 0.03110249 -0.04317217 -4.18889726],[ 0.50077804  0.42650338 -3.71922171],[7.40164637 7.32737172 3.18164663],[3.57506695]
186.443,[ 0.06895652 -0.00531814 -4.15104323],[ 0.50128763  0.42701297 -3.71871212],[7.37318405 7.2989094  3.15318431],[3.28023324]
186.505,[ 0.09181697  0.01754231 -4.12818278],[ 0.50447906  0.43020441 -3.71552068],[7.33715531 7.26288065 3.11715556],[3.14482238]
186.566,[ 0.09612484  0.02185018 -4.12387491],[ 0.51380513  0.43953047 -3.70619462],[7.31290205 7.23862739 3.0929023 ],[3.14877688]
186.633,[ 0.09283365  0.01855899 -4.12716609],[ 0.5146042   0.44032954 -3.70539555],[7.26915206 7.19487741 3.04915232],[3.14838341]
186.692,[ 0.10238278  0.02810812 -4.11761697],[ 0.4964349   0.42216024 -3.72356485],[7.16112864 7.08685398 2.94112889],[2.8786759]
186.756,[ 0.07977326  0.0054986  -4.14022649],[ 0.50508162  0.43080696 -3.71491813],[7.12733553 7.05306087 2.90733578],[2.91681975]
186.815,[ 0.03699187 -0.03728279 -4.18300788],[ 0.49313317  0.41885851 -3.72686658],[7.1003737  7.02609905 2.88037396],[3.02968963]
186.878,[-0.01267246 -0.08694712 -4.23267221],[ 0.46378303  0.38950837 -3.75621671],[7.08806919 7.01379453 2.86806944],[3.06379502]
186.936,[-0.05707745 -0.13135211 -4.2770772 ],[ 0.42633657  0.35206191 -3.79366318],[7.05870972 6.98443506 2.83870997],[2.92925229]
187.001,[-0.09972721 -0.17400186 -4.31972695],[ 0.36532346  0.2910488  -3.85467629],[7.00608799 6.93181333 2.78608824],[2.80143561]
187.065,[-0.1161388  -0.19041346 -4.33613855],[ 0.34385579  0.26958113 -3.87614396],[6.98650889 6.91223424 2.76650915],[2.53809558]
187.134,[-0.10479022 -0.17906488 -4.32478997],[ 0.35298788  0.27871323 -3.86701186],[6.94325146 6.8689768  2.72325171],[2.30693958]
187.195,[-0.07210808 -0.14638274 -4.29210783],[ 0.37055107  0.29627641 -3.84944868],[6.88761495 6.81334029 2.6676152 ],[2.18567084]
187.259,[-0.05192597 -0.12620063 -4.27192572],[ 0.3671518   0.29287714 -3.85284795],[6.85103892 6.77676427 2.63103918],[2.18261771]
187.321,[-0.02997502 -0.10424968 -4.24997477],[ 0.3521413   0.27786664 -3.86785844],[6.82488207 6.75060741 2.60488232],[2.20249063]
187.379,[-0.00835436 -0.08262902 -4.22835411],[ 0.32836249  0.25408783 -3.89163726],[6.80557803 6.73130337 2.58557828],[2.19579495]
187.444,[ 0.01212488 -0.06214978 -4.20787487],[ 0.30538169  0.23110704 -3.91461805],[6.7777106  6.70343594 2.55771085],[2.179118]
187.506,[ 0.0256978  -0.04857686 -4.19430194],[ 0.29427955  0.22000489 -3.9257202 ],[6.75164037 6.67736571 2.53164062],[2.14546586]
187.572,[ 0.0364371  -0.03783756 -4.18356265],[ 0.27567619  0.20140153 -3.94432356],[6.66897248 6.59469782 2.44897273],[2.04611521]
187.638,[ 0.03342069 -0.04085397 -4.18657906],[ 0.28421094  0.20993628 -3.93578881],[6.63869685 6.56442219 2.4186971 ],[2.00154474]
187.706,[ 0.01836631 -0.05590835 -4.20163344],[ 0.2929449   0.21867025 -3.92705484],[6.61402899 6.53975433 2.39402924],[1.91392401]
187.77,[ 0.00972367 -0.06455099 -4.21027608],[ 0.2942614   0.21998674 -3.92573835],[6.58902962 6.51475496 2.36902987],[1.8518427]
187.83,[ 0.0084768  -0.06579786 -4.21152295],[ 0.28889916  0.2146245  -3.93110059],[6.55236155 6.47808689 2.3323618 ],[1.79026183]
187.896,[ 0.0131167  -0.06115796 -4.20688305],[ 0.28731005  0.21303539 -3.9326897 ],[6.52363423 6.44935957 2.30363448],[1.76762219]
187.962,[ 0.01366961 -0.06060505 -4.20633014],[ 0.29464663  0.22037197 -3.92535312],[6.49917792 6.42490326 2.27917817],[1.69927763]
188.02,[ 0.01050639 -0.06376827 -4.20949336],[ 0.30405153  0.22977687 -3.91594822],[6.46569573 6.39142107 2.24569598],[1.62759512]
188.085,[ 0.0064582  -0.06781646 -4.21354154],[ 0.31000397  0.23572931 -3.90999577],[6.43938182 6.36510716 2.21938207],[1.5608404]
188.152,[-1.38327895e-03 -7.56579378e-02 -4.22138303e+00],[ 0.30188887  0.22761421 -3.91811088],[6.34977944 6.27550478 2.12977969],[1.44731691]
188.209,[-0.01053664 -0.0848113  -4.23053639],[ 0.28782303  0.21354837 -3.93217672],[6.31616223 6.24188757 2.09616248],[1.41882228]
188.271,[-0.02048355 -0.09475821 -4.2404833 ],[ 0.25226527  0.17799061 -3.96773448],[6.29253027 6.21825561 2.07253052],[1.42337803]
188.331,[-0.02736685 -0.10164151 -4.2473666 ],[ 0.22309364  0.14881899 -3.9969061 ],[6.26099648 6.18672182 2.04099673],[1.41571443]
188.391,[-0.03095152 -0.10522618 -4.25095127],[ 0.20015633  0.12588168 -4.01984341],[6.22661036 6.1523357  2.00661061],[1.40185135]
188.457,[-0.0295247  -0.10379936 -4.24952445],[ 0.18993359  0.11565893 -4.03006616],[6.20763327 6.13335862 1.98763353],[1.37755265]
188.52,[ 0.01583281 -0.05844185 -4.20416694],[ 0.17652475  0.10225009 -4.04347499],[6.09970208 6.02542742 1.87970233],[1.35287206]
188.577,[ 0.04331125 -0.03096341 -4.1766885 ],[ 0.18026284  0.10598818 -4.0397369 ],[6.04834047 5.97406581 1.82834072],[1.38599654]
188.642,[ 7.03244608e-02 -3.95019803e-03 -4.14967529e+00],[ 0.18136914  0.10709448 -4.03863061],[6.02818557 5.95391091 1.80818582],[1.40494171]
188.71,[ 0.10013288  0.02585822 -4.11986686],[ 0.18210246  0.1078278  -4.03789729],[6.00515514 5.93088048 1.78515539],[1.43288845]
188.769,[ 0.13436463  0.06008997 -4.08563512],[ 0.19068626  0.1164116  -4.02931349],[5.9744449  5.90017024 1.75444515],[1.45150819]
188.832,[ 0.17457474  0.10030008 -4.04542501],[ 0.21153019  0.13725553 -4.00846956],[5.94941513 5.87514047 1.72941538],[1.45795361]
188.894,[ 0.20541052  0.13113587 -4.01458922],[ 0.24615536  0.1718807  -3.97384439],[5.90906538 5.83479072 1.68906563],[1.44104344]
188.956,[ 0.22428388  0.15000922 -3.99571586],[ 0.2887079   0.21443324 -3.93129185],[5.88769539 5.81342073 1.66769564],[1.40239143]
189.016,[ 0.23610991  0.16183526 -3.98388983],[ 0.32200509  0.24773043 -3.89799465],[5.86587936 5.7916047  1.64587961],[1.36177141]
189.088,[ 0.23715129  0.16287663 -3.98284846],[ 0.34046146  0.26618681 -3.87953828],[5.84113065 5.76685599 1.62113091],[1.32083264]
189.148,[ 0.22731158  0.15303692 -3.99268817],[ 0.33379071  0.25951605 -3.88620903],[5.81563626 5.7413616  1.59563651],[1.30238429]
189.215,[ 0.16434494  0.09007028 -4.0556548 ],[ 0.27638069  0.20210603 -3.94361906],[5.74127463 5.66699997 1.52127488],[1.23012177]
189.274,[ 0.13729076  0.0630161  -4.08270898],[ 0.26593799  0.19166333 -3.95406176],[5.72611299 5.65183833 1.50611324],[1.18200222]
189.336,[ 0.10904505  0.03477039 -4.1109547 ],[ 0.27358435  0.1993097  -3.94641539],[5.71235212 5.63807746 1.49235237],[1.09591961]
189.396,[ 0.08329493  0.00902028 -4.13670481],[ 0.28439028  0.21011562 -3.93560947],[5.6921103  5.61783565 1.47211056],[1.00461587]
189.461,[ 0.06783401 -0.00644065 -4.15216574],[ 0.2897775   0.21550284 -3.93022225],[5.66652609 5.59225143 1.44652634],[0.94056698]
189.516,[ 0.06399989 -0.01027477 -4.15599986],[ 0.2845356   0.21026094 -3.93546415],[5.64161997 5.56734531 1.42162022],[0.92238902]
189.58,[ 7.82118613e-02  3.93720247e-03 -4.14178789e+00],[ 0.28602498  0.21175032 -3.93397476],[5.61699942 5.54272476 1.39699967],[0.91971755]
189.638,[ 0.09569304  0.02141838 -4.12430671],[ 0.28726795  0.21299329 -3.9327318 ],[5.59675358 5.52247892 1.37675384],[0.93020724]
189.705,[ 0.14126201  0.06698735 -4.07873774],[ 0.2903664   0.21609174 -3.92963335],[5.52803043 5.45375577 1.30803068],[0.94016865]
189.769,[ 0.16395351  0.08967886 -4.05604623],[ 0.30104736  0.2267727  -3.91895239],[5.49837227 5.42409762 1.27837253],[0.92961258]
189.832,[ 0.17683644  0.10256178 -4.04316331],[ 0.29794973  0.22367507 -3.92205002],[5.4796315  5.40535684 1.25963175],[0.92638829]
189.893,[ 0.18544274  0.11116808 -4.034557  ],[ 0.28355534  0.20928068 -3.9364444 ],[5.45638989 5.38211523 1.23639014],[0.93395674]
189.957,[ 0.19320233  0.11892767 -4.02679742],[ 0.26811228  0.19383763 -3.95188746],[5.43992513 5.36565047 1.21992538],[0.93886142]
190.02,[ 0.1997068   0.12543214 -4.02029294],[ 0.25411598  0.17984133 -3.96588376],[5.41942512 5.34515046 1.19942537],[0.94683122]
190.077,[ 0.20841626  0.1341416  -4.01158349],[ 0.24295083  0.16867617 -3.97704892],[5.40207276 5.3277981  1.18207301],[0.95345189]
190.143,[ 0.2196794   0.14540474 -4.00032035],[ 0.23256415  0.15828949 -3.98743559],[5.38067781 5.30640315 1.16067806],[0.95165156]
190.21,[ 0.22618876  0.1519141  -3.99381099],[ 0.26392532  0.18965066 -3.95607443],[5.31865496 5.2443803  1.09865521],[0.84052368]
190.274,[ 0.22323386  0.1489592  -3.99676589],[ 0.28166517  0.20739051 -3.93833458],[5.29362152 5.21934687 1.07362178],[0.78363837]
190.338,[ 0.22212947  0.14785481 -3.99787028],[ 0.29790647  0.22363181 -3.92209328],[5.27839477 5.20412012 1.05839503],[0.72971771]
190.4,[ 0.2273481   0.15307344 -3.99265165],[ 0.30533817  0.23106351 -3.91466158],[5.25619204 5.18191738 1.03619229],[0.69300681]
190.458,[ 0.23427925  0.16000459 -3.9857205 ],[ 0.31375602  0.23948136 -3.90624373],[5.30420062 5.22992596 1.08420087],[0.6684856]
190.519,[ 0.2360762   0.16180155 -3.98392354],[ 0.30768949  0.23341484 -3.91231025],[5.21195588 5.13768122 0.99195613],[0.65996925]
190.586,[ 0.23975043  0.16547577 -3.98024932],[ 0.30732535  0.23305069 -3.9126744 ],[5.18924876 5.1149741  0.96924901],[0.65205319]
190.647,[ 0.23573393  0.16145927 -3.98426582],[ 0.30365309  0.22937843 -3.91634666],[5.16750421 5.09322955 0.94750446],[0.63921849]
190.707,[ 0.22772962  0.15345496 -3.99227013],[ 0.30004901  0.22577435 -3.91995074],[5.15078367 5.07650901 0.93078392],[0.62311788]
190.771,[ 0.22483446  0.1505598  -3.99516529],[ 0.29200948  0.21773482 -3.92799026],[5.08574383 5.01146917 0.86574408],[0.60161692]
190.827,[ 0.23089029  0.15661563 -3.98910946],[ 0.29429548  0.22002082 -3.92570427],[5.06493582 4.99066117 0.84493608],[0.60693579]
190.895,[ 0.23499462  0.16071996 -3.98500513],[ 0.28502487  0.21075021 -3.93497488],[5.04405721 4.96978255 0.82405746],[0.62939021]
190.96,[ 0.23549095  0.16121629 -3.9845088 ],[ 0.26313107  0.18885641 -3.95686868],[5.02747832 4.95320366 0.80747857],[0.66179137]
191.016,[ 0.2342547   0.15998004 -3.98574504],[ 0.24757225  0.17329759 -3.9724275 ],[5.01570034 4.94142568 0.79570059],[0.67485657]
191.081,[ 0.23133357  0.15705891 -3.98866618],[ 0.24140897  0.16713431 -3.97859078],[4.99971883 4.92544417 0.77971908],[0.67734808]
191.144,[ 0.25311959  0.17884493 -3.96688016],[ 0.26576693  0.19149227 -3.95423282],[4.96137878 4.88710413 0.74137904],[0.64026689]
191.204,[ 0.26178876  0.1875141  -3.95821099],[ 0.28276191  0.20848725 -3.93723784],[4.94491512 4.87064046 0.72491537],[0.61752202]
191.26,[ 0.27123417  0.19695951 -3.94876558],[ 0.29164761  0.21737295 -3.92835214],[4.9341372  4.85986254 0.71413746],[0.60629489]
191.328,[ 0.27662411  0.20234945 -3.94337564],[ 0.29387222  0.21959756 -3.92612753],[4.92474912 4.85047446 0.70474937],[0.59944245]
191.392,[ 0.27821742  0.20394276 -3.94178233],[ 0.28869256  0.2144179  -3.93130719],[4.92131053 4.84703588 0.70131079],[0.59899624]
191.452,[ 0.27159971  0.19732506 -3.94840003],[ 0.28293517  0.20866051 -3.93706458],[4.90994282 4.83566817 0.68994308],[0.57699874]
191.511,[ 0.2614332   0.18715854 -3.95856654],[ 0.27071717  0.19644251 -3.94928257],[4.91247881 4.83820415 0.69247906],[0.57177028]
191.583,[ 0.24504614  0.17077148 -3.97495361],[ 0.25069942  0.17642476 -3.96930032],[4.90069604 4.82642138 0.68069629],[0.5611699]
191.649,[ 0.2280132   0.15373854 -3.99198655],[ 0.23293027  0.15865561 -3.98706948],[4.89677751 4.82250285 0.67677777],[0.54573953]
191.715,[ 0.21239991  0.13812525 -4.00759984],[ 0.21398848  0.13971382 -4.00601127],[4.89377929 4.81950464 0.67377955],[0.5368198]
191.78,[ 0.18722396  0.1129493  -4.03277579],[ 0.20061962  0.12634496 -4.01938013],[4.88939995 4.81512529 0.6694002 ],[0.48817444]
191.844,[ 0.18554102  0.11126636 -4.03445873],[ 0.19982246  0.1255478  -4.02017728],[4.88311839 4.80884373 0.66311864],[0.46673141]
191.907,[ 0.18794392  0.11366926 -4.03205583],[ 0.20785556  0.1335809  -4.01214419],[4.88222482 4.80795016 0.66222507],[0.43761104]
191.967,[ 0.18470099  0.11042634 -4.03529875],[ 0.23542038  0.16114573 -3.98457936],[4.87277265 4.79849799 0.6527729 ],[0.35495275]
192.031,[ 0.18462875  0.11035409 -4.035371  ],[ 0.23280046  0.1585258  -3.98719929],[4.8715701  4.79729544 0.65157035],[0.34035892]
192.09,[ 0.18015942  0.10588476 -4.03984032],[ 0.23122638  0.15695172 -3.98877336],[4.86617898 4.79190432 0.64617923],[0.31765085]
192.148,[ 0.17453458  0.10025992 -4.04546517],[ 0.23208378  0.15780912 -3.98791596],[4.86586781 4.79159316 0.64586807],[0.30151867]
192.211,[ 0.16759347  0.09331881 -4.05240628],[ 0.23300541  0.15873075 -3.98699434],[4.86486336 4.7905887  0.64486361],[0.28624795]
192.283,[ 0.15799732  0.08372266 -4.06200243],[ 0.23477828  0.16050362 -3.98522147],[4.85459687 4.78032222 0.63459713],[0.27651149]
192.345,[ 0.14579986  0.0715252  -4.07419989],[ 0.23855938  0.16428472 -3.98144037],[4.85267852 4.77840386 0.63267877],[0.26151454]
192.398,[ 0.13112147  0.05684681 -4.08887828],[ 0.23585911  0.16158445 -3.98414064],[4.84726753 4.77299287 0.62726778],[0.24723076]
192.461,[ 0.1122069   0.03793224 -4.10779285],[ 0.22436246  0.1500878  -3.99563729],[4.83504869 4.76077404 0.61504895],[0.2383366]
192.521,[ 0.1046317   0.03035705 -4.11536804],[ 0.22140924  0.14713458 -3.99859051],[4.83047814 4.75620348 0.61047839],[0.24165356]
192.587,[ 0.10447568  0.03020102 -4.11552407],[ 0.22266251  0.14838785 -3.99733724],[4.81183724 4.73756258 0.5918375 ],[0.23707629]
192.649,[ 0.11082339  0.03654874 -4.10917635],[ 0.22699539  0.15272073 -3.99300436],[4.81790649 4.74363183 0.59790674],[0.24933113]
192.711,[ 0.11848369  0.04420903 -4.10151605],[ 0.22782516  0.1535505  -3.99217459],[4.7891902  4.71491554 0.56919045],[0.25457046]
192.771,[ 0.12560827  0.05133362 -4.09439147],[ 0.21999136  0.1457167  -4.00000839],[4.77816013 4.70388548 0.55816039],[0.27705597]
192.837,[ 0.13594538  0.06167072 -4.08405437],[ 0.21321417  0.13893951 -4.00678558],[4.76052129 4.68624663 0.54052155],[0.29929985]
192.9,[ 0.14955771  0.07528305 -4.07044204],[ 0.21384602  0.13957136 -4.00615373],[4.74998325 4.67570859 0.5299835 ],[0.31801161]
192.963,[ 0.16755803  0.09328337 -4.05244172],[ 0.21501291  0.14073825 -4.00498684],[4.72604836 4.6517737  0.50604861],[0.33840238]
193.03,[ 0.18029186  0.10601721 -4.03970788],[ 0.21862621  0.14435155 -4.00137354],[4.71343466 4.63916    0.49343492],[0.35092605]
193.093,[ 0.19155741  0.11728275 -4.02844233],[ 0.21979106  0.1455164  -4.00020869],[4.70385523 4.62958057 0.48385548],[0.36055121]
193.153,[ 0.20184699  0.12757234 -4.01815275],[ 0.2073649   0.13309024 -4.01263484],[4.67902914 4.60475448 0.45902939],[0.38840568]
193.22,[ 0.21019119  0.13591653 -4.00980856],[ 0.20209375  0.12781909 -4.017906  ],[4.67284811 4.59857346 0.45284837],[0.39909611]
193.282,[ 0.21332717  0.13905251 -4.00667258],[ 0.19673611  0.12246145 -4.02326364],[4.66252851 4.58825385 0.44252877],[0.40331723]
193.345,[ 0.21130461  0.13702995 -4.00869514],[ 0.19350696  0.1192323  -4.02649279],[4.6580478  4.58377314 0.43804805],[0.39721695]
193.407,[ 0.20460447  0.13032981 -4.01539528],[ 0.19002134  0.11574668 -4.02997841],[4.64872392 4.57444926 0.42872417],[0.3877638]
193.469,[ 0.19633667  0.12206202 -4.02366307],[ 0.18652232  0.11224766 -4.03347743],[4.64673406 4.5724594  0.42673432],[0.3781996]
193.535,[ 0.18665024  0.11237558 -4.03334951],[ 0.18952912  0.11525446 -4.03047063],[4.638591   4.56431634 0.41859125],[0.34482443]
193.598,[ 0.17728661  0.10301195 -4.04271314],[ 0.18063678  0.10636212 -4.03936297],[4.63531348 4.56103883 0.41531374],[0.33220237]
193.664,[ 0.17011833  0.09584367 -4.04988142],[ 0.17538111  0.10110645 -4.04461864],[4.63441392 4.56013926 0.41441418],[0.32038517]
193.73,[ 0.16139303  0.08711837 -4.05860672],[ 0.17942685  0.10515219 -4.0405729 ],[4.63263225 4.5583576  0.41263251],[0.28575498]
193.79,[ 0.15477391  0.08049925 -4.06522584],[ 0.17914363  0.10486898 -4.04085611],[4.62494175 4.55066709 0.404942  ],[0.26873176]
193.848,[ 0.14827367  0.07399901 -4.07172608],[ 0.18103219  0.10675753 -4.03896756],[4.62445486 4.5501802  0.40445511],[0.24578681]
193.918,[ 0.14196108  0.06768642 -4.07803867],[ 0.18066749  0.10639283 -4.03933226],[4.62520067 4.55092601 0.40520092],[0.22897527]
193.98,[ 0.13279494  0.05852028 -4.08720481],[ 0.18195121  0.10767655 -4.03804854],[4.62152803 4.54725337 0.40152828],[0.21190687]
194.05,[ 0.11864471  0.04437005 -4.10135504],[ 0.18520985  0.11093519 -4.0347899 ],[4.62175755 4.54748289 0.4017578 ],[0.18597105]
194.106,[ 0.1078353   0.03356064 -4.11216445],[ 0.1950839   0.12080924 -4.02491585],[4.62089776 4.5466231  0.40089801],[0.15656484]
194.166,[ 0.10343677  0.02916211 -4.11656298],[ 0.19135897  0.11708431 -4.02864078],[4.62087588 4.54660122 0.40087613],[0.14820823]
194.227,[ 0.10316362  0.02888896 -4.11683613],[ 0.18663694  0.11236228 -4.03336281],[4.61549747 4.54122281 0.39549772],[0.14493019]
194.285,[ 0.10636107  0.03208641 -4.11363868],[ 0.17908108  0.10480642 -4.04091867],[4.61281363 4.53853897 0.39281388],[0.15543374]
194.35,[ 0.11100959  0.03673493 -4.10899016],[ 0.17430209  0.10002743 -4.04569765],[4.6106866  4.53641194 0.39068685],[0.16494299]
194.41,[ 0.11458485  0.04031019 -4.1054149 ],[ 0.17799121  0.10371655 -4.04200854],[4.60574106 4.5314664  0.38574131],[0.17330427]
194.47,[ 0.13078005  0.05650539 -4.0892197 ],[ 0.17731055  0.10303589 -4.0426892 ],[4.57775331 4.50347865 0.35775356],[0.20116388]
194.534,[ 0.13431019  0.06003553 -4.08568955],[ 0.18363332  0.10935866 -4.03636643],[4.56917541 4.49490075 0.34917566],[0.2072725]
194.599,[ 0.13738404  0.06310939 -4.0826157 ],[ 0.19026497  0.11599031 -4.02973478],[4.55637922 4.48210456 0.33637947],[0.21065394]
194.66,[ 0.13718845  0.06291379 -4.0828113 ],[ 0.19108017  0.11680551 -4.02891958],[4.54785068 4.47357602 0.32785093],[0.21854116]
194.734,[ 0.13515657  0.06088191 -4.08484318],[ 0.19059814  0.11632348 -4.02940161],[4.53812175 4.46384709 0.318122  ],[0.21850415]
194.816,[ 0.14177321  0.06749855 -4.07822654],[ 0.19251602  0.11824136 -4.02748372],[4.53293073 4.45865607 0.31293098],[0.22380568]
194.878,[ 0.1424719   0.06819725 -4.07752784],[ 0.18746569  0.11319104 -4.03253405],[4.52352576 4.4492511  0.30352601],[0.22450645]
194.937,[ 0.13926903  0.06499437 -4.08073072],[ 0.18317695  0.10890229 -4.03682279],[4.51527123 4.44099657 0.29527148],[0.2266885]
195.003,[ 0.13189739  0.05762273 -4.08810236],[ 0.1728173   0.09854264 -4.04718245],[4.49798635 4.42371169 0.2779866 ],[0.23012078]
195.069,[ 0.13336396  0.0590893  -4.08663579],[ 0.17463009  0.10035543 -4.04536965],[4.49783265 4.42355799 0.2778329 ],[0.2330409]
195.137,[ 0.13355211  0.05927745 -4.08644764],[ 0.17293974  0.09866508 -4.04706001],[4.49265111 4.41837646 0.27265137],[0.22992312]
195.199,[ 0.1229224   0.04864774 -4.09707735],[ 0.16666123  0.09238657 -4.05333851],[4.48117936 4.4069047  0.26117961],[0.22090563]
195.261,[ 0.1089849   0.03471024 -4.11101485],[ 0.15959615  0.08532149 -4.0604036 ],[4.47797741 4.40370275 0.25797766],[0.20967093]
195.32,[ 0.09350473  0.01923007 -4.12649502],[ 0.14980647  0.07553181 -4.07019327],[4.47196564 4.39769098 0.2519659 ],[0.20177665]
195.391,[ 0.08015627  0.00588161 -4.13984347],[ 0.13883284  0.06455818 -4.0811669 ],[4.46686705 4.39259239 0.24686731],[0.19583796]
195.444,[ 0.07000724 -0.00426742 -4.14999251],[ 0.12839482  0.05412016 -4.09160492],[4.46478289 4.39050823 0.24478314],[0.19287654]
195.511,[ 0.06349617 -0.01077849 -4.15650358],[ 0.11734222  0.04306756 -4.10265752],[4.45893363 4.38465897 0.23893388],[0.19383785]
195.572,[ 0.07930839  0.00503373 -4.14069136],[ 0.13295494  0.05868028 -4.0870448 ],[4.44528859 4.37101393 0.22528884],[0.17976682]
195.633,[ 0.08099385  0.00671919 -4.13900589],[ 0.13227715  0.05800249 -4.0877226 ],[4.44192253 4.36764788 0.22192279],[0.17107177]
195.691,[ 0.08405344  0.00977878 -4.1359463 ],[ 0.13189261  0.05761795 -4.08810714],[4.43904638 4.36477172 0.21904664],[0.16962587]
195.749,[ 0.08611324  0.01183858 -4.1338865 ],[ 0.1300669   0.05579224 -4.08993285],[4.43191238 4.35763772 0.21191263],[0.15928764]
195.816,[ 0.08768375  0.0134091  -4.13231599],[ 0.12463464  0.05035998 -4.0953651 ],[4.4286258  4.35435114 0.20862605],[0.15376798]
195.883,[ 0.09364028  0.01936562 -4.12635947],[ 0.12091137  0.04663671 -4.09908838],[4.42805557 4.35378091 0.20805583],[0.15147808]
195.95,[ 0.09983835  0.02556369 -4.1201614 ],[ 0.11764401  0.04336935 -4.10235574],[4.4216531  4.34737844 0.20165335],[0.14684482]
196.01,[ 0.10671646  0.0324418  -4.11328329],[ 0.10976704  0.03549238 -4.11023271],[4.4182034  4.34392874 0.19820365],[0.14374634]
196.072,[ 0.11455304  0.04027838 -4.10544671],[ 0.10051133  0.02623667 -4.11948841],[4.41420877 4.33993411 0.19420902],[0.14672523]
196.137,[ 0.12770073  0.05342607 -4.09229902],[ 0.09856994  0.02429528 -4.12142981],[4.40956878 4.33529412 0.18956904],[0.15045753]
196.203,[ 0.13328615  0.05901149 -4.0867136 ],[ 0.10563089  0.03135623 -4.11436886],[4.40457515 4.33030049 0.1845754 ],[0.14148312]
196.26,[ 0.13622702  0.06195237 -4.08377272],[ 0.12094348  0.04666882 -4.09905627],[4.40314549 4.32887083 0.18314574],[0.13054165]
196.323,[ 0.13694619  0.06267153 -4.08305356],[ 0.1413027   0.06702804 -4.07869705],[4.39291036 4.3186357  0.17291061],[0.10953301]
196.403,[ 0.13815182  0.06387716 -4.08184793],[ 0.16644957  0.09217491 -4.05355018],[4.3905673  4.31629264 0.17056755],[0.10513733]
196.473,[ 0.13894838  0.06467372 -4.08105137],[ 0.18333069  0.10905603 -4.03666906],[4.38596872 4.31169406 0.16596897],[0.10528585]
196.542,[ 0.13139835  0.0571237  -4.08860139],[ 0.16662964  0.09235498 -4.05337011],[4.37405611 4.29978145 0.15405636],[0.13346449]
196.6,[ 0.12812974  0.05385508 -4.09187001],[ 0.16930521  0.09503055 -4.05069454],[4.36895708 4.29468242 0.14895733],[0.1413067]
196.669,[ 0.12344924  0.04917458 -4.0965505 ],[ 0.16312648  0.08885183 -4.05687326],[4.36346476 4.28919011 0.14346502],[0.14190399]
